function,time
|\ Run,72.94000
|*| Pre process,0.00000
|*\ Aggregation preparation,0.03100
|**\ Create virtual aggregation,0.01200
|***| Create memory layer,0.01000
|**\ Create analysis layer,0.01100
|***| Create memory layer,0.00900
|*\ Hazard preparation,3.12000
|**\ Clip,0.41400
|***| Create memory layer,0.00900
|**\ Prepare vector layer,2.69700
|***| Create memory layer,0.00900
|***| Copy layer,0.00900
|***| Remove features,2.65200
|***| Add id column,0.00200
|***\ Clean inasafe fields,0.01700
|****\ Sum fields,0.00900
|*****| Copy fields,0.00700
|****| Sum fields,0.00100
|****| Remove fields,0.00100
|**\ Update value map,0.00400
|***| Remove fields,0.00000
|*\ Aggregate hazard preparation,57.30400
|**| Clean layer,2.84400
|**\ Union,54.45600
|***| Create memory layer,0.00900
|***| Create spatial index,0.00300
|***| Create spatial index,0.00000
|***| Fill hazard class,0.00100
|*\ Exposure preparation,0.42100
|**\ Smart clip,0.11100
|***| Create memory layer,0.01100
|**\ Prepare vector layer,0.27400
|***| Create memory layer,0.00900
|***| Copy layer,0.06900
|***| Remove features,0.10400
|***| Add id column,0.01200
|***\ Clean inasafe fields,0.06800
|****\ Sum fields,0.00000
|*****| Copy fields,0.04300
|****\ Sum fields,0.04500
|*****| Copy fields,0.04300
|****| Remove fields,0.01600
|***| Check value mapping,0.00100
|**| From counts to ratios,0.00100
|**| Add default values,0.00000
|**\ Update value map,0.02400
|***| Remove fields,0.00000
|*\ Intersect exposure and aggregate hazard,4.06200
|**\ Assign highest value,4.06000
|***| Create spatial index,0.00300
|*\ Post process,0.13400
|**| Run single post processor,0.08300
|**| Run single post processor,0.04500
|*\ Summary calculation,0.11200
|**| Aggregate hazard summary,0.03700
|**| Aggregation summary,0.01100
|**| Analysis summary,0.00300
|**\ Exposure summary table,0.05400
|***| Create memory layer,0.00900
|***| Summarize result,0.03200
