{
  "pdf_product_tag": {
    "action-checklist-pdf": "D:\\Kerjaan _OSM\\JUNK DATA (DELETEABLE)\\FLOOD 2018\\FLOOD_2018_EPSG_4326\\output\\action-checklist-output.pdf", 
    "impact-report-pdf": "D:\\Kerjaan _OSM\\JUNK DATA (DELETEABLE)\\FLOOD 2018\\FLOOD_2018_EPSG_4326\\output\\impact-report-output.pdf", 
    "inasafe-map-report-landscape": "D:\\Kerjaan _OSM\\JUNK DATA (DELETEABLE)\\FLOOD 2018\\FLOOD_2018_EPSG_4326\\output\\inasafe-map-report-landscape.pdf", 
    "inasafe-map-report-portrait": "D:\\Kerjaan _OSM\\JUNK DATA (DELETEABLE)\\FLOOD 2018\\FLOOD_2018_EPSG_4326\\output\\inasafe-map-report-portrait.pdf", 
    "analysis-provenance-details-report-pdf": "D:\\Kerjaan _OSM\\JUNK DATA (DELETEABLE)\\FLOOD 2018\\FLOOD_2018_EPSG_4326\\output\\analysis-provenance-details-report-output.pdf"
  }, 
  "html_product_tag": {
    "analysis-provenance-details-report": "D:\\Kerjaan _OSM\\JUNK DATA (DELETEABLE)\\FLOOD 2018\\FLOOD_2018_EPSG_4326\\output\\analysis-provenance-details-report-output.html", 
    "action-checklist-report": "D:\\Kerjaan _OSM\\JUNK DATA (DELETEABLE)\\FLOOD 2018\\FLOOD_2018_EPSG_4326\\output\\action-checklist-output.html", 
    "impact-report": "D:\\Kerjaan _OSM\\JUNK DATA (DELETEABLE)\\FLOOD 2018\\FLOOD_2018_EPSG_4326\\output\\impact-report-output.html"
  }, 
  "qpt_product_tag": {
    "inasafe-map-report-portrait": "D:\\Kerjaan _OSM\\JUNK DATA (DELETEABLE)\\FLOOD 2018\\FLOOD_2018_EPSG_4326\\output\\inasafe-map-report-portrait.qpt", 
    "inasafe-map-report-landscape": "D:\\Kerjaan _OSM\\JUNK DATA (DELETEABLE)\\FLOOD 2018\\FLOOD_2018_EPSG_4326\\output\\inasafe-map-report-landscape.qpt"
  }
}