{
  "pdf_product_tag": {
    "action-checklist-pdf": "C:\\Users\\unknown-devices\\Documents\\InaSAFE-Analysis\\FloodPolygonOnStructuresPolygon_18September2018_16h00-03.699000\\output\\action-checklist-output.pdf", 
    "impact-report-pdf": "C:\\Users\\unknown-devices\\Documents\\InaSAFE-Analysis\\FloodPolygonOnStructuresPolygon_18September2018_16h00-03.699000\\output\\impact-report-output.pdf", 
    "inasafe-map-report-landscape": "C:\\Users\\unknown-devices\\Documents\\InaSAFE-Analysis\\FloodPolygonOnStructuresPolygon_18September2018_16h00-03.699000\\output\\inasafe-map-report-landscape.pdf", 
    "inasafe-map-report-portrait": "C:\\Users\\unknown-devices\\Documents\\InaSAFE-Analysis\\FloodPolygonOnStructuresPolygon_18September2018_16h00-03.699000\\output\\inasafe-map-report-portrait.pdf", 
    "analysis-provenance-details-report-pdf": "C:\\Users\\unknown-devices\\Documents\\InaSAFE-Analysis\\FloodPolygonOnStructuresPolygon_18September2018_16h00-03.699000\\output\\analysis-provenance-details-report-output.pdf"
  }, 
  "html_product_tag": {
    "analysis-provenance-details-report": "C:\\Users\\unknown-devices\\Documents\\InaSAFE-Analysis\\FloodPolygonOnStructuresPolygon_18September2018_16h00-03.699000\\output\\analysis-provenance-details-report-output.html", 
    "action-checklist-report": "C:\\Users\\unknown-devices\\Documents\\InaSAFE-Analysis\\FloodPolygonOnStructuresPolygon_18September2018_16h00-03.699000\\output\\action-checklist-output.html", 
    "impact-report": "C:\\Users\\unknown-devices\\Documents\\InaSAFE-Analysis\\FloodPolygonOnStructuresPolygon_18September2018_16h00-03.699000\\output\\impact-report-output.html"
  }, 
  "qpt_product_tag": {
    "inasafe-map-report-portrait": "C:\\Users\\unknown-devices\\Documents\\InaSAFE-Analysis\\FloodPolygonOnStructuresPolygon_18September2018_16h00-03.699000\\output\\inasafe-map-report-portrait.qpt", 
    "inasafe-map-report-landscape": "C:\\Users\\unknown-devices\\Documents\\InaSAFE-Analysis\\FloodPolygonOnStructuresPolygon_18September2018_16h00-03.699000\\output\\inasafe-map-report-landscape.qpt"
  }
}