function,time
|\ Run,341.94100
|*| Pre process,0.00100
|*\ Aggregation preparation,0.02700
|**\ Create virtual aggregation,0.01000
|***| Create memory layer,0.00800
|**\ Create analysis layer,0.01000
|***| Create memory layer,0.00800
|*\ Hazard preparation,6.91100
|**\ Clip,1.32300
|***| Create memory layer,0.00800
|**\ Prepare vector layer,5.57400
|***| Create memory layer,0.01500
|***| Copy layer,0.02000
|***| Remove features,5.50000
|***| Add id column,0.00300
|***\ Clean inasafe fields,0.02300
|****\ Sum fields,0.01400
|*****| Copy fields,0.01100
|****| Sum fields,0.00000
|****| Remove fields,0.00200
|**\ Update value map,0.00500
|***| Remove fields,0.00000
|*\ Aggregate hazard preparation,299.21000
|**| Clean layer,9.40600
|**\ Union,289.80000
|***| Create memory layer,0.00800
|***| Create spatial index,0.00000
|***| Create spatial index,0.00100
|***| Fill hazard class,0.00100
|*\ Exposure preparation,7.38500
|**\ Smart clip,2.01800
|***| Create memory layer,0.00900
|**\ Prepare vector layer,4.91000
|***| Create memory layer,0.00900
|***| Copy layer,1.44600
|***| Remove features,1.93700
|***| Add id column,0.22700
|***\ Clean inasafe fields,1.26200
|****| Sum fields,0.00100
|****\ Sum fields,0.87700
|*****| Copy fields,0.87500
|****| Remove fields,0.37700
|***| Check value mapping,0.01600
|**| From counts to ratios,0.00100
|**| Add default values,0.00000
|**\ Update value map,0.44500
|***| Remove fields,0.01000
|*\ Intersect exposure and aggregate hazard,5.98700
|**\ Assign highest value,5.98400
|***| Create spatial index,0.06400
|*\ Post process,1.98600
|**| Run single post processor,1.06600
|**| Run single post processor,0.91300
|*\ Summary calculation,1.16300
|**| Aggregate hazard summary,0.47000
|**| Aggregation summary,0.02200
|**| Analysis summary,0.00400
|**\ Exposure summary table,0.65800
|***| Create memory layer,0.00900
|***| Summarize result,0.63100
