<?xml version="1.0" encoding="UTF-8"?>
<gmd:MD_Metadata xmlns:gco="http://www.isotc211.org/2005/gco" xmlns:gmd="http://www.isotc211.org/2005/gmd" xmlns:xsi="http://www.w3.org/2001/XMLSchema-instance" xsi:schemaLocation="http://www.isotc211.org/2005/gmd http://www.isotc211.org/2005/gmd/gmd.xsd">
  <gmd:fileIdentifier>
    <gco:CharacterString>None</gco:CharacterString>
  </gmd:fileIdentifier>
  <gmd:language>
    <gmd:LanguageCode codeList="http://www.loc.gov/standards/iso639-2/" codeListValue="eng" codeSpace="ISO 639-2">eng</gmd:LanguageCode>
  </gmd:language>
  <gmd:characterSet>
    <gmd:MD_CharacterSetCode codeList="http://www.isotc211.org/2005/resources/Codelist/gmxCodelists.xml#MD_CharacterSetCode" codeListValue="utf8" codeSpace="ISOTC211/19115">utf8</gmd:MD_CharacterSetCode>
  </gmd:characterSet>
  <gmd:hierarchyLevel>
    <gmd:MD_ScopeCode codeList="http://www.isotc211.org/2005/resources/Codelist/gmxCodelists.xml#MD_ScopeCode" codeListValue="dataset" codeSpace="ISOTC211/19115">dataset</gmd:MD_ScopeCode>
  </gmd:hierarchyLevel>
  <gmd:contact>
    <gmd:CI_ResponsibleParty>
      <gmd:organisationName>
        <gco:CharacterString>InaSAFE.org</gco:CharacterString>
      </gmd:organisationName>
      <gmd:contactInfo>
        <gmd:CI_Contact>
          <gmd:address>
            <gmd:CI_Address>
              <gmd:electronicMailAddress>
                <gco:CharacterString>info@inasafe.org</gco:CharacterString>
              </gmd:electronicMailAddress>
            </gmd:CI_Address>
          </gmd:address>
        </gmd:CI_Contact>
      </gmd:contactInfo>
      <gmd:role>
        <gmd:CI_RoleCode codeList="http://www.isotc211.org/2005/resources/Codelist/gmxCodelists.xml#CI_RoleCode" codeListValue="pointOfContact" codeSpace="ISOTC211/19115">pointOfContact</gmd:CI_RoleCode>
      </gmd:role>
    </gmd:CI_ResponsibleParty>
  </gmd:contact>
  <gmd:dateStamp>
    <gco:Date/>
  </gmd:dateStamp>
  <gmd:metadataStandardName>
    <gco:CharacterString>ISO 19115:2003 - Geographic information - Metadata</gco:CharacterString>
  </gmd:metadataStandardName>
  <gmd:metadataStandardVersion>
    <gco:CharacterString>ISO 19115:2003</gco:CharacterString>
  </gmd:metadataStandardVersion>
  <gmd:identificationInfo>
    <gmd:MD_DataIdentification>
      <gmd:citation>
        <gmd:CI_Citation>
          <gmd:title>
            <gco:CharacterString>Aggregation Summary</gco:CharacterString>
          </gmd:title>
          <gmd:date>
            <gmd:CI_Date>
              <gmd:date>
                <gco:Date/>
              </gmd:date>
              <gmd:dateType>
                <gmd:CI_DateTypeCode codeList="http://www.isotc211.org/2005/resources/Codelist/gmxCodelists.xml#CI_DateTypeCode" codeListValue="publication" codeSpace="ISOTC211/19115">publication</gmd:CI_DateTypeCode>
              </gmd:dateType>
            </gmd:CI_Date>
          </gmd:date>
          <gmd:date>
            <gmd:CI_Date>
              <gmd:date>
                <gco:Date/>
              </gmd:date>
              <gmd:dateType>
                <gmd:CI_DateTypeCode codeList="http://www.isotc211.org/2005/resources/Codelist/gmxCodelists.xml#CI_DateTypeCode" codeListValue="revision" codeSpace="ISOTC211/19115">revision</gmd:CI_DateTypeCode>
              </gmd:dateType>
            </gmd:CI_Date>
          </gmd:date>
          <gmd:date>
            <gmd:CI_Date>
              <gmd:date>
                <gco:Date/>
              </gmd:date>
              <gmd:dateType>
                <gmd:CI_DateTypeCode codeList="http://www.isotc211.org/2005/resources/Codelist/gmxCodelists.xml#CI_DateTypeCode" codeListValue="creation" codeSpace="ISOTC211/19115">creation</gmd:CI_DateTypeCode>
              </gmd:dateType>
            </gmd:CI_Date>
          </gmd:date>
          <gmd:identifier>
            <gmd:RS_Identifier>
              <gmd:code>
                <gco:CharacterString>None</gco:CharacterString>
              </gmd:code>
            </gmd:RS_Identifier>
          </gmd:identifier>
        </gmd:CI_Citation>
      </gmd:citation>
      <gmd:abstract>
        <gco:CharacterString/>
      </gmd:abstract>
      <gmd:credit>
        <gco:CharacterString/>
      </gmd:credit>
      <gmd:status>
        <gmd:MD_ProgressCode codeList="http://www.isotc211.org/2005/resources/Codelist/gmxCodelists.xml#MD_ProgressCode" codeListValue="revision" codeSpace="ISOTC211/19115">revision</gmd:MD_ProgressCode>
      </gmd:status>
      <gmd:pointOfContact>
        <gmd:CI_ResponsibleParty>
          <gmd:organisationName>
            <gco:CharacterString/>
          </gmd:organisationName>
          <gmd:contactInfo>
            <gmd:CI_Contact>
              <gmd:address>
                <gmd:CI_Address>
                  <gmd:electronicMailAddress>
                    <gco:CharacterString/>
                  </gmd:electronicMailAddress>
                </gmd:CI_Address>
              </gmd:address>
            </gmd:CI_Contact>
          </gmd:contactInfo>
          <gmd:role>
            <gmd:CI_RoleCode codeList="http://www.isotc211.org/2005/resources/Codelist/gmxCodelists.xml#CI_RoleCode" codeListValue="pointOfContact" codeSpace="ISOTC211/19115">pointOfContact</gmd:CI_RoleCode>
          </gmd:role>
        </gmd:CI_ResponsibleParty>
      </gmd:pointOfContact>
      <gmd:resourceMaintenance>
        <gmd:MD_MaintenanceInformation>
          <gmd:maintenanceAndUpdateFrequency>
            <gmd:MD_MaintenanceFrequencyCode codeList="http://www.isotc211.org/2005/resources/Codelist/gmxCodelists.xml#MD_MaintenanceFrequencyCode" codeListValue="continual" codeSpace="ISOTC211/19115">continual</gmd:MD_MaintenanceFrequencyCode>
          </gmd:maintenanceAndUpdateFrequency>
        </gmd:MD_MaintenanceInformation>
      </gmd:resourceMaintenance>
      <gmd:descriptiveKeywords>
        <gmd:MD_Keywords>
          <gmd:keyword>
            <gco:CharacterString>Human health and safety</gco:CharacterString>
          </gmd:keyword>
          <gmd:type>
            <gmd:MD_KeywordTypeCode codeList="http://www.isotc211.org/2005/resources/Codelist/gmxCodelists.xml#MD_KeywordTypeCode" codeListValue="theme" codeSpace="ISOTC211/19115">theme</gmd:MD_KeywordTypeCode>
          </gmd:type>
          <gmd:thesaurusName>
            <gmd:CI_Citation>
              <gmd:title>
                <gco:CharacterString>GEMET - INSPIRE themes, version 1.0</gco:CharacterString>
              </gmd:title>
              <gmd:date>
                <gmd:CI_Date>
                  <gmd:date>
                    <gco:Date>2008-06-01</gco:Date>
                  </gmd:date>
                  <gmd:dateType>
                    <gmd:CI_DateTypeCode codeList="http://www.isotc211.org/2005/resources/Codelist/gmxCodelists.xml#CI_DateTypeCode" codeListValue="publication" codeSpace="ISOTC211/19115">publication</gmd:CI_DateTypeCode>
                  </gmd:dateType>
                </gmd:CI_Date>
              </gmd:date>
            </gmd:CI_Citation>
          </gmd:thesaurusName>
        </gmd:MD_Keywords>
      </gmd:descriptiveKeywords>
      <gmd:resourceConstraints>
        <gmd:MD_Constraints>
          <gmd:useLimitation>
            <gco:CharacterString>Free use with accreditation</gco:CharacterString>
          </gmd:useLimitation>
        </gmd:MD_Constraints>
      </gmd:resourceConstraints>
      <gmd:language>
        <gmd:LanguageCode codeList="http://www.loc.gov/standards/iso639-2/" codeListValue="eng" codeSpace="ISO 639-2">eng</gmd:LanguageCode>
      </gmd:language>
      <gmd:topicCategory>
        <gmd:MD_TopicCategoryCode>geoscientificInformation</gmd:MD_TopicCategoryCode>
      </gmd:topicCategory>
      <gmd:extent>
        <gmd:EX_Extent>
                </gmd:EX_Extent>
      </gmd:extent>
      <gmd:supplementalInformation>
        <inasafe>
          <scale>
            <gco:CharacterString/>
          </scale>
          <layer_mode>
            <gco:CharacterString/>
          </layer_mode>
          <provenance_data>
            <gco:Dictionary>{&quot;qgis_version&quot;: &quot;2.18.20&quot;, &quot;hazard_keywords&quot;: {&quot;hazard_category&quot;: &quot;single_event&quot;, &quot;title&quot;: &quot;FLOOD_2018_EPSG_4326&quot;, &quot;keyword_version&quot;: &quot;4.4&quot;, &quot;value_maps&quot;: {&quot;structure&quot;: {&quot;flood_hazard_classes&quot;: {&quot;active&quot;: true, &quot;classes&quot;: {&quot;wet&quot;: [1]}}}, &quot;place&quot;: {&quot;flood_hazard_classes&quot;: {&quot;active&quot;: true, &quot;classes&quot;: {&quot;wet&quot;: [1]}}, &quot;flood_petabencana_hazard_classes&quot;: {&quot;active&quot;: false, &quot;classes&quot;: {&quot;medium&quot;: [1]}}}, &quot;land_cover&quot;: {&quot;flood_hazard_classes&quot;: {&quot;active&quot;: true, &quot;classes&quot;: {&quot;wet&quot;: [1]}}}, &quot;road&quot;: {&quot;flood_hazard_classes&quot;: {&quot;active&quot;: true, &quot;classes&quot;: {&quot;wet&quot;: [1]}}}, &quot;population&quot;: {&quot;flood_hazard_classes&quot;: {&quot;active&quot;: true, &quot;classes&quot;: {&quot;wet&quot;: [1]}}}}, &quot;hazard&quot;: &quot;flood&quot;, &quot;layer_purpose&quot;: &quot;hazard&quot;, &quot;layer_geometry&quot;: &quot;polygon&quot;, &quot;inasafe_fields&quot;: {&quot;hazard_value_field&quot;: &quot;affected&quot;}, &quot;layer_mode&quot;: &quot;classified&quot;}, &quot;aggregation_layer&quot;: null, &quot;qt_version&quot;: &quot;4.8.5&quot;, &quot;impact_function_name&quot;: &quot;Flood Polygon On Structures Polygon&quot;, &quot;inasafe_version&quot;: &quot;4.4.0&quot;, &quot;duration&quot;: 678.672, &quot;aggregation_keywords&quot;: null, &quot;exposure_layer&quot;: &quot;D:/Kerjaan _OSM/JUNK DATA (DELETEABLE)/FLOOD 2018/3_buildings.shp|qgis_provider=ogr&quot;, &quot;analysis_log&quot;: &quot;C:/Users/unknown-devices/Documents/InaSAFE-Analysis/FloodPolygonOnStructuresPolygon_19September2018_06h52-14.723000\\Analysis Log.csv&quot;, &quot;requested_extent&quot;: &quot;POLYGON((76.24980913731315013 9.04830032858045996, 77.41439151705787935 9.04830032858045996, 77.41439151705787935 9.82498378640261194, 76.24980913731315013 9.82498378640261194, 76.24980913731315013 9.04830032858045996))&quot;, &quot;map_legend_title&quot;: &quot;Number of structures&quot;, &quot;impact_function_title&quot;: &quot;be affected&quot;, &quot;map_title&quot;: &quot;Structures affected by Flood event&quot;, &quot;pyqt_version&quot;: &quot;4.10.2&quot;, &quot;aggregation_layer_id&quot;: null, &quot;end_datetime&quot;: &quot;2018-09-19T07:03:33.197000&quot;, &quot;start_datetime&quot;: &quot;2018-09-19T06:52:14.525000&quot;, &quot;analysis_summary&quot;: &quot;C:/Users/unknown-devices/Documents/InaSAFE-Analysis/FloodPolygonOnStructuresPolygon_19September2018_06h52-14.723000/analysis_summary.geojson|qgis_provider=ogr&quot;, &quot;hazard_aggregation_summary&quot;: &quot;C:/Users/unknown-devices/Documents/InaSAFE-Analysis/FloodPolygonOnStructuresPolygon_19September2018_06h52-14.723000/hazard_aggregation_summary.geojson|qgis_provider=ogr&quot;, &quot;hazard_aggregation_summary_id&quot;: &quot;hazard_aggregation_summary20180919070403846&quot;, &quot;impact_analysis&quot;: &quot;C:/Users/unknown-devices/Documents/InaSAFE-Analysis/FloodPolygonOnStructuresPolygon_19September2018_06h52-14.723000/impact_analysis.geojson|qgis_provider=ogr&quot;, &quot;hazard_layer_id&quot;: &quot;FLOOD_2018_EPSG_432620180919065211534&quot;, &quot;hazard_layer&quot;: &quot;D:/Kerjaan _OSM/JUNK DATA (DELETEABLE)/FLOOD 2018/FLOOD_2018_EPSG_4326.shp|qgis_provider=ogr&quot;, &quot;analysis_extent&quot;: &quot;Polygon ((76.27753728921183551 9.0850372058432356, 76.27753728921183551 9.78824690913983808, 77.38666336515919397 9.78824690913983808, 77.38666336515919397 9.0850372058432356, 76.27753728921183551 9.0850372058432356))&quot;, &quot;gdal_version&quot;: &quot;2.2.4&quot;, &quot;exposure_summary_table_id&quot;: &quot;exposure_summary_table20180919070409586&quot;, &quot;user&quot;: &quot;unknown-devices&quot;, &quot;aggregation_summary_id&quot;: &quot;aggregation_summary20180919070409622&quot;, &quot;exposure_keywords&quot;: {&quot;license&quot;: &quot;Open Data Commons Open Database License (ODbL)&quot;, &quot;classification&quot;: &quot;generic_structure_classes&quot;, &quot;keyword_version&quot;: &quot;4.0&quot;, &quot;url&quot;: &quot;http://www.openstreetmap.org&quot;, &quot;title&quot;: &quot;Buildings&quot;, &quot;source&quot;: &quot;OpenStreetMap.org&quot;, &quot;value_map&quot;: {&quot;recreation&quot;: [&quot;Sports Facility&quot;], &quot;public facility&quot;: [&quot;Fire Station&quot;, &quot;Police Station&quot;, &quot;Public Building&quot;], &quot;government&quot;: [&quot;Government&quot;], &quot;residential&quot;: [&quot;Residential&quot;], &quot;commercial&quot;: [&quot;Commercial&quot;, &quot;Industrial&quot;, &quot;Supermarket&quot;], &quot;other&quot;: [&quot;Utility&quot;], &quot;health&quot;: [&quot;Clinic/Doctor&quot;, &quot;Hospital&quot;], &quot;education&quot;: [&quot;School&quot;, &quot;University/College&quot;], &quot;place of worship&quot;: [&quot;Place of Worship - Islam&quot;, &quot;Place of Worship - Unitarian&quot;, &quot;Place of Worship - Buddhist&quot;, &quot;Place of Worship&quot;]}, &quot;layer_purpose&quot;: &quot;exposure&quot;, &quot;layer_geometry&quot;: &quot;polygon&quot;, &quot;inasafe_fields&quot;: {&quot;exposure_type_field&quot;: &quot;TYPE&quot;}, &quot;layer_mode&quot;: &quot;classified&quot;, &quot;exposure&quot;: &quot;structure&quot;}, &quot;use_rounding&quot;: true, &quot;crs&quot;: &quot;EPSG:4326&quot;, &quot;earthquake_function&quot;: null, &quot;data_store_uri&quot;: &quot;C:/Users/unknown-devices/Documents/InaSAFE-Analysis/FloodPolygonOnStructuresPolygon_19September2018_06h52-14.723000&quot;, &quot;aggregation_summary&quot;: &quot;C:/Users/unknown-devices/Documents/InaSAFE-Analysis/FloodPolygonOnStructuresPolygon_19September2018_06h52-14.723000/aggregation_summary.geojson|qgis_provider=ogr&quot;, &quot;notes&quot;: [{&quot;item_list&quot;: [&quot;The impacts on roads, people, buildings and other exposure elements may be underestimated if the exposure data are incomplete.&quot;, &quot;Structures overlapping the analysis extent may be assigned a hazard status lower than that to which they are exposed outside the analysis area.&quot;, &quot;Numbers reported for structures have been rounded to the nearest 100 if more than 1,000 and less than 100,000; and nearest 1000 if more than 100,000.&quot;, &quot;Rounding is applied to all structure counts greater than 1,000 which may cause discrepancies between subtotals and totals.&quot;, &quot;Note that report rows containing totals are calculated from the entire analysis area totals and then rounded, whereas the subtotal rows are calculated from the aggregation areas and then rounded. Using this approach we avoid adding already rounded numbers and in so doing compounding the rounding.&quot;], &quot;item_header&quot;: &quot;structure exposure general notes&quot;, &quot;item_category&quot;: &quot;structure_general&quot;}, {&quot;item_list&quot;: [&quot;The extent and severity of the mapped scenario or hazard zones may not be consistent with future events.&quot;, &quot;The impacts on roads, people, buildings and other exposure elements may differ from the analysis results due to local conditions such as terrain and infrastructure type.&quot;, &quot;The analysis extent is limited to the extent of the aggregation layer or analysis extent. Hazard and exposure data outside the analysis extent are not included in the impact layer, impact map or impact reports.&quot;], &quot;item_header&quot;: &quot;flood general notes&quot;, &quot;item_category&quot;: &quot;flood_general&quot;}], &quot;exposure_summary_table&quot;: &quot;C:/Users/unknown-devices/Documents/InaSAFE-Analysis/FloodPolygonOnStructuresPolygon_19September2018_06h52-14.723000/exposure_summary_table.csv|qgis_provider=ogr&quot;, &quot;action_checklist&quot;: [{&quot;item_list&quot;: [&quot;Which structures have warning capacity (e.g. sirens or speakers)?&quot;, &quot;Are the water and electricity services still operating?&quot;, &quot;Are the schools and hospitals still active?&quot;, &quot;Are the health centres still open?&quot;, &quot;Are the other public services accessible?&quot;, &quot;Which buildings will be evacuation centres?&quot;, &quot;Where will we locate the operations centre?&quot;, &quot;Where will we locate warehouse and/or distribution centres?&quot;], &quot;item_header&quot;: &quot;general checklist&quot;, &quot;item_category&quot;: &quot;general&quot;}], &quot;exposure_layer_id&quot;: &quot;3_buildings20180919065202393&quot;, &quot;analysis_question&quot;: &quot;In the event of a Flood, how many Structures might be affected?&quot;, &quot;host_name&quot;: &quot;unknown-devices&quot;, &quot;impact_analysis_id&quot;: &quot;impact_analysis20180919070346813&quot;, &quot;debug&quot;: false, &quot;os&quot;: &quot;Windows-8-6.2.9200&quot;, &quot;analysis_summary_id&quot;: &quot;analysis_summary20180919070409651&quot;}</gco:Dictionary>
          </provenance_data>
          <hazard_keywords>
            <gco:Dictionary/>
          </hazard_keywords>
          <keyword_version>
            <gco:CharacterString>4.4</gco:CharacterString>
          </keyword_version>
          <layer_geometry>
            <gco:CharacterString/>
          </layer_geometry>
          <source>
            <gco:CharacterString/>
          </source>
          <layer_purpose>
            <gco:CharacterString>aggregation_summary</gco:CharacterString>
          </layer_purpose>
          <inasafe_fields>
            <gco:Dictionary>{&quot;total_affected_field&quot;: &quot;total_affected&quot;, &quot;aggregation_name_field&quot;: &quot;aggregation_name&quot;, &quot;place of worship_affected_field&quot;: &quot;place of worship_affected&quot;, &quot;government_affected_field&quot;: &quot;government_affected&quot;, &quot;residential_affected_field&quot;: &quot;residential_affected&quot;, &quot;commercial_affected_field&quot;: &quot;commercial_affected&quot;, &quot;public facility_affected_field&quot;: &quot;public facility_affected&quot;, &quot;education_affected_field&quot;: &quot;education_affected&quot;, &quot;recreation_affected_field&quot;: &quot;recreation_affected&quot;, &quot;health_affected_field&quot;: &quot;health_affected&quot;, &quot;aggregation_id_field&quot;: &quot;aggregation_id&quot;}</gco:Dictionary>
          </inasafe_fields>
          <inasafe_default_values>
            <gco:Dictionary>{}</gco:Dictionary>
          </inasafe_default_values>
          <extra_keywords>
            <gco:Dictionary/>
          </extra_keywords>
          <aggregation_keywords>
            <gco:Dictionary/>
          </aggregation_keywords>
          <exposure_keywords>
            <gco:Dictionary>{&quot;classification&quot;: &quot;generic_structure_classes&quot;, &quot;license&quot;: &quot;Open Data Commons Open Database License (ODbL)&quot;, &quot;keyword_version&quot;: &quot;4.0&quot;, &quot;url&quot;: &quot;http://www.openstreetmap.org&quot;, &quot;title&quot;: &quot;Number of structures&quot;, &quot;layer_mode&quot;: &quot;classified&quot;, &quot;source&quot;: &quot;OpenStreetMap.org&quot;, &quot;hazard_keywords&quot;: {&quot;hazard_category&quot;: &quot;single_event&quot;, &quot;classification&quot;: &quot;flood_hazard_classes&quot;, &quot;title&quot;: &quot;hazard_geometry_cleaned&quot;, &quot;keyword_version&quot;: &quot;4.4&quot;, &quot;hazard&quot;: &quot;flood&quot;, &quot;inasafe_fields&quot;: {&quot;hazard_class_field&quot;: &quot;hazard_class&quot;, &quot;affected_field&quot;: &quot;affected&quot;, &quot;recreation_exposure_count_field&quot;: &quot;recreation_exposure_count&quot;, &quot;total_field&quot;: &quot;total&quot;, &quot;government_exposure_count_field&quot;: &quot;government_exposure_count&quot;, &quot;commercial_exposure_count_field&quot;: &quot;commercial_exposure_count&quot;, &quot;aggregation_id_field&quot;: &quot;aggregation_id&quot;, &quot;place of worship_exposure_count_field&quot;: &quot;place of worship_exposure_count&quot;, &quot;residential_exposure_count_field&quot;: &quot;residential_exposure_count&quot;, &quot;education_exposure_count_field&quot;: &quot;education_exposure_count&quot;, &quot;hazard_id_field&quot;: &quot;hazard_id&quot;, &quot;public facility_exposure_count_field&quot;: &quot;public facility_exposure_count&quot;, &quot;health_exposure_count_field&quot;: &quot;health_exposure_count&quot;, &quot;aggregation_name_field&quot;: &quot;aggregation_name&quot;}, &quot;layer_geometry&quot;: &quot;polygon&quot;, &quot;layer_purpose&quot;: &quot;hazard&quot;, &quot;layer_mode&quot;: &quot;classified&quot;}, &quot;inasafe_fields&quot;: {&quot;affected_field&quot;: &quot;affected&quot;, &quot;exposure_id_field&quot;: &quot;exposure_id&quot;, &quot;exposure_class_field&quot;: &quot;exposure_class&quot;, &quot;size_field&quot;: &quot;size&quot;, &quot;hazard_class_field&quot;: &quot;hazard_class&quot;, &quot;hazard_id_field&quot;: &quot;hazard_id&quot;, &quot;aggregation_id_field&quot;: &quot;aggregation_id&quot;, &quot;aggregation_name_field&quot;: &quot;aggregation_name&quot;}, &quot;layer_geometry&quot;: &quot;polygon&quot;, &quot;layer_purpose&quot;: &quot;impact_analysis&quot;, &quot;inasafe_default_values&quot;: {}, &quot;exposure&quot;: &quot;structure&quot;, &quot;aggregation_keywords&quot;: {&quot;inasafe_fields&quot;: {&quot;total_affected_field&quot;: &quot;total_affected&quot;, &quot;aggregation_name_field&quot;: &quot;aggregation_name&quot;, &quot;place of worship_affected_field&quot;: &quot;place of worship_affected&quot;, &quot;government_affected_field&quot;: &quot;government_affected&quot;, &quot;residential_affected_field&quot;: &quot;residential_affected&quot;, &quot;commercial_affected_field&quot;: &quot;commercial_affected&quot;, &quot;public facility_affected_field&quot;: &quot;public facility_affected&quot;, &quot;education_affected_field&quot;: &quot;education_affected&quot;, &quot;recreation_affected_field&quot;: &quot;recreation_affected&quot;, &quot;health_affected_field&quot;: &quot;health_affected&quot;, &quot;aggregation_id_field&quot;: &quot;aggregation_id&quot;}, &quot;inasafe_default_values&quot;: {}, &quot;title&quot;: &quot;aggr_from_bbox&quot;, &quot;layer_purpose&quot;: &quot;aggregation&quot;, &quot;keyword_version&quot;: &quot;4.4&quot;}, &quot;exposure_keywords&quot;: {&quot;license&quot;: &quot;Open Data Commons Open Database License (ODbL)&quot;, &quot;classification&quot;: &quot;generic_structure_classes&quot;, &quot;keyword_version&quot;: &quot;4.0&quot;, &quot;url&quot;: &quot;http://www.openstreetmap.org&quot;, &quot;title&quot;: &quot;exposure_value_mapped&quot;, &quot;source&quot;: &quot;OpenStreetMap.org&quot;, &quot;layer_purpose&quot;: &quot;impact_analysis&quot;, &quot;layer_geometry&quot;: &quot;polygon&quot;, &quot;inasafe_fields&quot;: {&quot;affected_field&quot;: &quot;affected&quot;, &quot;exposure_id_field&quot;: &quot;exposure_id&quot;, &quot;exposure_class_field&quot;: &quot;exposure_class&quot;, &quot;size_field&quot;: &quot;size&quot;, &quot;hazard_class_field&quot;: &quot;hazard_class&quot;, &quot;hazard_id_field&quot;: &quot;hazard_id&quot;, &quot;aggregation_id_field&quot;: &quot;aggregation_id&quot;, &quot;aggregation_name_field&quot;: &quot;aggregation_name&quot;}, &quot;inasafe_default_values&quot;: {}, &quot;layer_mode&quot;: &quot;classified&quot;, &quot;exposure&quot;: &quot;structure&quot;}}</gco:Dictionary>
          </exposure_keywords>
        </inasafe>
      </gmd:supplementalInformation>
    </gmd:MD_DataIdentification>
  </gmd:identificationInfo>
  <gmd:distributionInfo>
    <gmd:MD_Distribution>
      <gmd:distributionFormat>
        <gmd:MD_Format>
          <gmd:name>
            <gco:CharacterString>unknown</gco:CharacterString>
          </gmd:name>
          <gmd:version>
            <gco:CharacterString>unknown</gco:CharacterString>
          </gmd:version>
        </gmd:MD_Format>
      </gmd:distributionFormat>
      <gmd:transferOptions>
        <gmd:MD_DigitalTransferOptions>
          <gmd:onLine>
            <gmd:CI_OnlineResource>
              <gmd:linkage>
                <gmd:URL>http://inasafe.org</gmd:URL>
              </gmd:linkage>
            </gmd:CI_OnlineResource>
          </gmd:onLine>
        </gmd:MD_DigitalTransferOptions>
      </gmd:transferOptions>
    </gmd:MD_Distribution>
  </gmd:distributionInfo>
  <gmd:dataQualityInfo>
    <gmd:DQ_DataQuality>
      <gmd:scope>
        <gmd:DQ_Scope>
          <gmd:level>
            <gmd:MD_ScopeCode codeList="http://www.isotc211.org/2005/resources/Codelist/gmxCodelists.xml#MD_ScopeCode" codeListValue="dataset" codeSpace="ISOTC211/19115">dataset</gmd:MD_ScopeCode>
          </gmd:level>
        </gmd:DQ_Scope>
      </gmd:scope>
      <gmd:report>
        <gmd:DQ_DomainConsistency>
          <gmd:result>
            <gmd:DQ_ConformanceResult>
              <gmd:specification>
                <gmd:CI_Citation>
                  <gmd:title>
                    <gco:CharacterString/>
                  </gmd:title>
                  <gmd:date>
                    <gmd:CI_Date>
                      <gmd:date>
                        <gco:Date/>
                      </gmd:date>
                      <gmd:dateType>
                        <gmd:CI_DateTypeCode codeList="http://www.isotc211.org/2005/resources/Codelist/gmxCodelists.xml#CI_DateTypeCode" codeListValue="creation" codeSpace="ISOTC211/19115">creation</gmd:CI_DateTypeCode>
                      </gmd:dateType>
                    </gmd:CI_Date>
                  </gmd:date>
                </gmd:CI_Citation>
              </gmd:specification>
              <gmd:explanation>
                <gco:CharacterString>See the referenced specification</gco:CharacterString>
              </gmd:explanation>
              <gmd:pass>
                <gco:Boolean>true</gco:Boolean>
              </gmd:pass>
            </gmd:DQ_ConformanceResult>
          </gmd:result>
        </gmd:DQ_DomainConsistency>
      </gmd:report>
      <gmd:lineage>
        <gmd:LI_Lineage>
          <gmd:statement>
            <gco:CharacterString/>
          </gmd:statement>
        </gmd:LI_Lineage>
      </gmd:lineage>
    </gmd:DQ_DataQuality>
  </gmd:dataQualityInfo>
  <gmd:metadataMaintenance>
    <gmd:MD_MaintenanceInformation>
      <gmd:maintenanceAndUpdateFrequency>
        <gmd:MD_MaintenanceFrequencyCode codeList="http://www.isotc211.org/2005/resources/Codelist/gmxCodelists.xml#MD_MaintenanceFrequencyCode" codeListValue="continual" codeSpace="ISOTC211/19115">continual</gmd:MD_MaintenanceFrequencyCode>
      </gmd:maintenanceAndUpdateFrequency>
      <gmd:maintenanceNote>
        <gco:CharacterString>This record was generated by InaSAFE (http://inasafe.org)</gco:CharacterString>
      </gmd:maintenanceNote>
    </gmd:MD_MaintenanceInformation>
  </gmd:metadataMaintenance>
</gmd:MD_Metadata>
