function,time
|\ Run,715.02800
|*| Pre process,0.00100
|*\ Aggregation preparation,0.02900
|**\ Create virtual aggregation,0.00900
|***| Create memory layer,0.00800
|**\ Create analysis layer,0.00900
|***| Create memory layer,0.00800
|*\ Hazard preparation,31.33100
|**\ Clip,2.21400
|***| Create memory layer,0.00800
|**\ Prepare vector layer,29.10700
|***| Create memory layer,0.00800
|***| Copy layer,0.01500
|***| Remove features,29.05400
|***| Add id column,0.00300
|***\ Clean inasafe fields,0.02200
|****\ Sum fields,0.01400
|*****| Copy fields,0.01100
|****| Sum fields,0.00000
|****| Remove fields,0.00100
|**\ Update value map,0.00500
|***| Remove fields,0.00000
|*\ Aggregate hazard preparation,585.91100
|**| Clean layer,31.51000
|**\ Union,554.39700
|***| Create memory layer,0.00800
|***| Create spatial index,0.00000
|***| Create spatial index,0.00100
|***| Fill hazard class,0.00100
|*\ Exposure preparation,29.74500
|**\ Smart clip,8.35100
|***| Create memory layer,0.01100
|**\ Prepare vector layer,19.47900
|***| Create memory layer,0.00900
|***| Copy layer,5.82400
|***| Remove features,7.73700
|***| Add id column,0.94600
|***\ Clean inasafe fields,4.89300
|****\ Sum fields,0.00000
|*****| Copy fields,3.36000
|****\ Sum fields,3.36200
|*****| Copy fields,3.36000
|****| Remove fields,1.52400
|***| Check value mapping,0.06000
|**| From counts to ratios,0.00100
|**| Add default values,0.00000
|**\ Update value map,1.90400
|***| Remove fields,0.04500
|*\ Intersect exposure and aggregate hazard,18.11900
|**\ Assign highest value,18.11400
|***| Create spatial index,0.27600
|*\ Post process,8.29000
|**| Run single post processor,4.59500
|**| Run single post processor,3.68900
|*\ Summary calculation,4.57900
|**| Aggregate hazard summary,1.98600
|**| Aggregation summary,0.01900
|**| Analysis summary,0.00400
|**\ Exposure summary table,2.56300
|***| Create memory layer,0.00800
|***| Summarize result,2.53900
